[
    {
        "customer_id": "JD_38025",
        "customer_name": "Jhon Doe",
        "customer_email": "jhon_doe@mail.com",
        "customer_phone": "3385412351"
    },
    {
        "customer_id": "FS_92537",
        "customer_name": "Felicia Sand",
        "customer_email": "felicia234S_3d@gmail.com",
        "customer_phone": "524136971"
    },
    {
        "customer_id": "RM_96092",
        "customer_name": "Richard Marx",
        "customer_email": "exRchd782@hotmail.com",
        "customer_phone": "1234567890"
    },
    {
        "customer_id": "OM_60611",
        "customer_name": "Octavious Maiz Ritus",
        "customer_email": "theMaiz@mail.com",
        "customer_phone": "1112223334"
    },
    {
        "customer_id": "RO_90593",
        "customer_name": "Ritus Octavious",
        "customer_email": "miRitus@hotmail.com",
        "customer_phone": "3312457865"
    }
]