[
    {
        "reserv_id": "HIP129241_54480",
        "room_number": 2,
        "in_date": "01-01-2024",
        "out_date": "05-01-2024",
        "hotel_name": "Hilton Inn Plaza",
        "hotel_id": 2,
        "customer_email": "felicia234S_3d@gmail.com",
        "customer_id": "FS_92537"
    },
    {
        "reserv_id": "HIP283226_78746",
        "room_number": 3,
        "in_date": "12-12-2024",
        "out_date": "15-12-2024",
        "hotel_name": "Hilton Inn Plaza",
        "hotel_id": 2,
        "customer_email": "jhon_doe@mail.com",
        "customer_id": "JD_38025"
    },
    {
        "reserv_id": "SPI744842_86064",
        "room_number": 3,
        "in_date": "13-02-2024",
        "out_date": "20-02-2024",
        "hotel_name": "Sheraton Plaza Inn",
        "hotel_id": 1,
        "customer_email": "exRchd782@hotmail.com",
        "customer_id": "RM_96092"
    },
    {
        "reserv_id": "RG245094_16936",
        "room_number": 103,
        "in_date": "15-10-2024",
        "out_date": "17-10-2024",
        "hotel_name": "RIU GDL",
        "hotel_id": 3,
        "customer_email": "exRchd782@hotmail.com",
        "customer_id": "RM_96092"
    }
]